post_id,title_text,style,date,ctr
1rulius,Nobody Expected This To Happen...,curiosity,2026-03-20,
alien_sightings_20260323_010117,5 UFO Moments in 2025 That Should Terrify You,mystery,2026-03-22,
alien_sightings_20260323_011607,The UFO Distraction Playbook: 5 Stories They Don't Want Connected,mystery,2026-03-22,
alien_sightings_20260324_001945,Top 5 Top 5 Most Convincing Alien Sightings Ever Recorded (You Won't Sleep After This),mystery,2026-03-23,
alien_sightings_20260325_190102,3.8M Gov't UFO Files Deleted. No One Is Talking.,curiosity,2026-03-25,
alien_sightings_20260325_193910,Top 5 Top 5 Most Convincing Alien Sightings Ever Recorded (You Won't Sleep After This),mystery,2026-03-25,
alien_sightings_20260325_195857,Top 5 Top 5 Most Convincing Alien Sightings Ever Recorded (You Won't Sleep After This),mystery,2026-03-25,
alien_sightings_20260325_204821,Top 5 Top 5 Most Convincing Alien Sightings Ever Recorded (You Won't Sleep After This),mystery,2026-03-25,
alien_sightings_20260325_212325,Top 5 Top 5 Most Convincing Alien Sightings Ever Recorded (You Won't Sleep After This),mystery,2026-03-25,
alien_sightings_20260325_214125,Top 5 Top 5 Most Convincing Alien Sightings Ever Recorded (You Won't Sleep After This),mystery,2026-03-25,
alien_sightings_20260325_220619,Top 5 Top 5 Most Convincing Alien Sightings Ever Recorded (You Won't Sleep After This),mystery,2026-03-25,
